"EmployeeID","EmailAddress"
"001","bounce.test@bogustestdomain.com"
"002","mbarr564@protonmail.com"
"003","mbarr564@protonmail.com"
"004","mbarr564@protonmail.com"
"005","mbarr564@protonmail.com"
"006","mbarr564@protonmail.com"
"007","mbarr564@protonmail.com"
"008","mbarr564@protonmail.com"
"009","mbarr564@protonmail.com"
"010","mbarr564@protonmail.com"
"011","mbarr564@protonmail.com"
"012","mbarr564@protonmail.com"
"012","mbarr564@protonmail.com"
"013","mbarr564@protonmail.com"
"014","blank"
"015","Unknown"
"016",""
"017","null"
"018"," "
"019","mbarr564@protonmail.com"
"020","mbarr564@protonmail.com"
"021","mbarr564@protonmail.com"
"022","mbarr564@protonmail.com"
"023","mbarr564@protonmail.com"
"024","mbarr564@protonmail.com"
"025","mbarr564@protonmail.com"
"026","mbarr564@protonmail.com"